[{"model": "localidades.region", "fields": {"nombre": "Tarapac\u00e1"}, "pk": 1}, {"model": "localidades.region", "fields": {"nombre": "Antofagasta"}, "pk": 2}, {"model": "localidades.region", "fields": {"nombre": "Atacama"}, "pk": 3}, {"model": "localidades.region", "fields": {"nombre": "Coquimbo"}, "pk": 4}, {"model": "localidades.region", "fields": {"nombre": "Valpara\u00edso"}, "pk": 5}, {"model": "localidades.region", "fields": {"nombre": "Regi\u00f3n del Libertador Gral. Bernardo O\u2019Higgins"}, "pk": 6}, {"model": "localidades.region", "fields": {"nombre": "Regi\u00f3n del Maule"}, "pk": 7}, {"model": "localidades.region", "fields": {"nombre": "Regi\u00f3n del Biob\u00edo"}, "pk": 8}, {"model": "localidades.region", "fields": {"nombre": "Regi\u00f3n de la Araucan\u00eda"}, "pk": 9}, {"model": "localidades.region", "fields": {"nombre": "Regi\u00f3n de Los Lagos"}, "pk": 10}, {"model": "localidades.region", "fields": {"nombre": "Regi\u00f3n Ais\u00e9n del Gral. Carlos Ib\u00e1\u00f1ez del Campo"}, "pk": 11}, {"model": "localidades.region", "fields": {"nombre": "Regi\u00f3n de Magallanes y de la Ant\u00e1rtica Chilena"}, "pk": 12}, {"model": "localidades.region", "fields": {"nombre": "Regi\u00f3n Metropolitana de Santiago"}, "pk": 13}, {"model": "localidades.region", "fields": {"nombre": "Regi\u00f3n de Los R\u00edos"}, "pk": 14}, {"model": "localidades.region", "fields": {"nombre": "Arica y Parinacota"}, "pk": 15}, {"model": "localidades.provincia", "fields": {"nombre": "Iquique", "region": 1}, "pk": 11}, {"model": "localidades.provincia", "fields": {"nombre": "Tamarugal", "region": 1}, "pk": 14}, {"model": "localidades.provincia", "fields": {"nombre": "Antofagasta", "region": 2}, "pk": 21}, {"model": "localidades.provincia", "fields": {"nombre": "El Loa", "region": 2}, "pk": 22}, {"model": "localidades.provincia", "fields": {"nombre": "Tocopilla", "region": 2}, "pk": 23}, {"model": "localidades.provincia", "fields": {"nombre": "Copiap\u00f3", "region": 3}, "pk": 31}, {"model": "localidades.provincia", "fields": {"nombre": "Cha\u00f1aral", "region": 3}, "pk": 32}, {"model": "localidades.provincia", "fields": {"nombre": "Huasco", "region": 3}, "pk": 33}, {"model": "localidades.provincia", "fields": {"nombre": "Elqui", "region": 4}, "pk": 41}, {"model": "localidades.provincia", "fields": {"nombre": "Choapa", "region": 4}, "pk": 42}, {"model": "localidades.provincia", "fields": {"nombre": "Limar\u00ed", "region": 4}, "pk": 43}, {"model": "localidades.provincia", "fields": {"nombre": "Valpara\u00edso", "region": 5}, "pk": 51}, {"model": "localidades.provincia", "fields": {"nombre": "Isla de Pascua", "region": 5}, "pk": 52}, {"model": "localidades.provincia", "fields": {"nombre": "Los Andes", "region": 5}, "pk": 53}, {"model": "localidades.provincia", "fields": {"nombre": "Petorca", "region": 5}, "pk": 54}, {"model": "localidades.provincia", "fields": {"nombre": "Quillota", "region": 5}, "pk": 55}, {"model": "localidades.provincia", "fields": {"nombre": "San Antonio", "region": 5}, "pk": 56}, {"model": "localidades.provincia", "fields": {"nombre": "San Felipe de Aconcagua", "region": 5}, "pk": 57}, {"model": "localidades.provincia", "fields": {"nombre": "Marga Marga", "region": 5}, "pk": 58}, {"model": "localidades.provincia", "fields": {"nombre": "Cachapoal", "region": 6}, "pk": 61}, {"model": "localidades.provincia", "fields": {"nombre": "Cardenal Caro", "region": 6}, "pk": 62}, {"model": "localidades.provincia", "fields": {"nombre": "Colchagua", "region": 6}, "pk": 63}, {"model": "localidades.provincia", "fields": {"nombre": "Talca", "region": 7}, "pk": 71}, {"model": "localidades.provincia", "fields": {"nombre": "Cauquenes", "region": 7}, "pk": 72}, {"model": "localidades.provincia", "fields": {"nombre": "Curic\u00f3", "region": 7}, "pk": 73}, {"model": "localidades.provincia", "fields": {"nombre": "Linares", "region": 7}, "pk": 74}, {"model": "localidades.provincia", "fields": {"nombre": "Concepci\u00f3n", "region": 8}, "pk": 81}, {"model": "localidades.provincia", "fields": {"nombre": "Arauco", "region": 8}, "pk": 82}, {"model": "localidades.provincia", "fields": {"nombre": "Biob\u00edo", "region": 8}, "pk": 83}, {"model": "localidades.provincia", "fields": {"nombre": "\u00d1uble", "region": 8}, "pk": 84}, {"model": "localidades.provincia", "fields": {"nombre": "Caut\u00edn", "region": 9}, "pk": 91}, {"model": "localidades.provincia", "fields": {"nombre": "Malleco", "region": 9}, "pk": 92}, {"model": "localidades.provincia", "fields": {"nombre": "Llanquihue", "region": 10}, "pk": 101}, {"model": "localidades.provincia", "fields": {"nombre": "Chilo\u00e9", "region": 10}, "pk": 102}, {"model": "localidades.provincia", "fields": {"nombre": "Osorno", "region": 10}, "pk": 103}, {"model": "localidades.provincia", "fields": {"nombre": "Palena", "region": 10}, "pk": 104}, {"model": "localidades.provincia", "fields": {"nombre": "Coihaique", "region": 11}, "pk": 111}, {"model": "localidades.provincia", "fields": {"nombre": "Ais\u00e9n", "region": 11}, "pk": 112}, {"model": "localidades.provincia", "fields": {"nombre": "Capit\u00e1n Prat", "region": 11}, "pk": 113}, {"model": "localidades.provincia", "fields": {"nombre": "General Carrera", "region": 11}, "pk": 114}, {"model": "localidades.provincia", "fields": {"nombre": "Magallanes", "region": 12}, "pk": 121}, {"model": "localidades.provincia", "fields": {"nombre": "Ant\u00e1rtica Chilena", "region": 12}, "pk": 122}, {"model": "localidades.provincia", "fields": {"nombre": "Tierra del Fuego", "region": 12}, "pk": 123}, {"model": "localidades.provincia", "fields": {"nombre": "\u00daltima Esperanza", "region": 12}, "pk": 124}, {"model": "localidades.provincia", "fields": {"nombre": "Santiago", "region": 13}, "pk": 131}, {"model": "localidades.provincia", "fields": {"nombre": "Cordillera", "region": 13}, "pk": 132}, {"model": "localidades.provincia", "fields": {"nombre": "Chacabuco", "region": 13}, "pk": 133}, {"model": "localidades.provincia", "fields": {"nombre": "Maipo", "region": 13}, "pk": 134}, {"model": "localidades.provincia", "fields": {"nombre": "Melipilla", "region": 13}, "pk": 135}, {"model": "localidades.provincia", "fields": {"nombre": "Talagante", "region": 13}, "pk": 136}, {"model": "localidades.provincia", "fields": {"nombre": "Valdivia", "region": 14}, "pk": 141}, {"model": "localidades.provincia", "fields": {"nombre": "Ranco", "region": 14}, "pk": 142}, {"model": "localidades.provincia", "fields": {"nombre": "Arica", "region": 15}, "pk": 151}, {"model": "localidades.provincia", "fields": {"nombre": "Parinacota", "region": 15}, "pk": 152}, {"model": "localidades.comuna", "fields": {"provincia": 11, "nombre": "Iquique"}, "pk": 1101}, {"model": "localidades.comuna", "fields": {"provincia": 11, "nombre": "Alto Hospicio"}, "pk": 1107}, {"model": "localidades.comuna", "fields": {"provincia": 14, "nombre": "Pozo Almonte"}, "pk": 1401}, {"model": "localidades.comuna", "fields": {"provincia": 14, "nombre": "Cami\u00f1a"}, "pk": 1402}, {"model": "localidades.comuna", "fields": {"provincia": 14, "nombre": "Colchane"}, "pk": 1403}, {"model": "localidades.comuna", "fields": {"provincia": 14, "nombre": "Huara"}, "pk": 1404}, {"model": "localidades.comuna", "fields": {"provincia": 14, "nombre": "Pica"}, "pk": 1405}, {"model": "localidades.comuna", "fields": {"provincia": 21, "nombre": "Antofagasta"}, "pk": 2101}, {"model": "localidades.comuna", "fields": {"provincia": 21, "nombre": "Mejillones"}, "pk": 2102}, {"model": "localidades.comuna", "fields": {"provincia": 21, "nombre": "Sierra Gorda"}, "pk": 2103}, {"model": "localidades.comuna", "fields": {"provincia": 21, "nombre": "Taltal"}, "pk": 2104}, {"model": "localidades.comuna", "fields": {"provincia": 22, "nombre": "Calama"}, "pk": 2201}, {"model": "localidades.comuna", "fields": {"provincia": 22, "nombre": "Ollag\u00fce"}, "pk": 2202}, {"model": "localidades.comuna", "fields": {"provincia": 22, "nombre": "San Pedro de Atacama"}, "pk": 2203}, {"model": "localidades.comuna", "fields": {"provincia": 23, "nombre": "Tocopilla"}, "pk": 2301}, {"model": "localidades.comuna", "fields": {"provincia": 23, "nombre": "Mar\u00eda Elena"}, "pk": 2302}, {"model": "localidades.comuna", "fields": {"provincia": 31, "nombre": "Copiap\u00f3"}, "pk": 3101}, {"model": "localidades.comuna", "fields": {"provincia": 31, "nombre": "Caldera"}, "pk": 3102}, {"model": "localidades.comuna", "fields": {"provincia": 31, "nombre": "Tierra Amarilla"}, "pk": 3103}, {"model": "localidades.comuna", "fields": {"provincia": 32, "nombre": "Cha\u00f1aral"}, "pk": 3201}, {"model": "localidades.comuna", "fields": {"provincia": 32, "nombre": "Diego de Almagro"}, "pk": 3202}, {"model": "localidades.comuna", "fields": {"provincia": 33, "nombre": "Vallenar"}, "pk": 3301}, {"model": "localidades.comuna", "fields": {"provincia": 33, "nombre": "Alto del Carmen"}, "pk": 3302}, {"model": "localidades.comuna", "fields": {"provincia": 33, "nombre": "Freirina"}, "pk": 3303}, {"model": "localidades.comuna", "fields": {"provincia": 33, "nombre": "Huasco"}, "pk": 3304}, {"model": "localidades.comuna", "fields": {"provincia": 41, "nombre": "La Serena"}, "pk": 4101}, {"model": "localidades.comuna", "fields": {"provincia": 41, "nombre": "Coquimbo"}, "pk": 4102}, {"model": "localidades.comuna", "fields": {"provincia": 41, "nombre": "Andacollo"}, "pk": 4103}, {"model": "localidades.comuna", "fields": {"provincia": 41, "nombre": "La Higuera"}, "pk": 4104}, {"model": "localidades.comuna", "fields": {"provincia": 41, "nombre": "Paihuano"}, "pk": 4105}, {"model": "localidades.comuna", "fields": {"provincia": 41, "nombre": "Vicu\u00f1a"}, "pk": 4106}, {"model": "localidades.comuna", "fields": {"provincia": 42, "nombre": "Illapel"}, "pk": 4201}, {"model": "localidades.comuna", "fields": {"provincia": 42, "nombre": "Canela"}, "pk": 4202}, {"model": "localidades.comuna", "fields": {"provincia": 42, "nombre": "Los Vilos"}, "pk": 4203}, {"model": "localidades.comuna", "fields": {"provincia": 42, "nombre": "Salamanca"}, "pk": 4204}, {"model": "localidades.comuna", "fields": {"provincia": 43, "nombre": "Ovalle"}, "pk": 4301}, {"model": "localidades.comuna", "fields": {"provincia": 43, "nombre": "Combarbal\u00e1"}, "pk": 4302}, {"model": "localidades.comuna", "fields": {"provincia": 43, "nombre": "Monte Patria"}, "pk": 4303}, {"model": "localidades.comuna", "fields": {"provincia": 43, "nombre": "Punitaqui"}, "pk": 4304}, {"model": "localidades.comuna", "fields": {"provincia": 43, "nombre": "R\u00edo Hurtado"}, "pk": 4305}, {"model": "localidades.comuna", "fields": {"provincia": 51, "nombre": "Valpara\u00edso"}, "pk": 5101}, {"model": "localidades.comuna", "fields": {"provincia": 51, "nombre": "Casablanca"}, "pk": 5102}, {"model": "localidades.comuna", "fields": {"provincia": 51, "nombre": "Conc\u00f3n"}, "pk": 5103}, {"model": "localidades.comuna", "fields": {"provincia": 51, "nombre": "Juan Fern\u00e1ndez"}, "pk": 5104}, {"model": "localidades.comuna", "fields": {"provincia": 51, "nombre": "Puchuncav\u00ed"}, "pk": 5105}, {"model": "localidades.comuna", "fields": {"provincia": 51, "nombre": "Quintero"}, "pk": 5107}, {"model": "localidades.comuna", "fields": {"provincia": 51, "nombre": "Vi\u00f1a del Mar"}, "pk": 5109}, {"model": "localidades.comuna", "fields": {"provincia": 52, "nombre": "Isla de Pascua"}, "pk": 5201}, {"model": "localidades.comuna", "fields": {"provincia": 53, "nombre": "Los Andes"}, "pk": 5301}, {"model": "localidades.comuna", "fields": {"provincia": 53, "nombre": "Calle Larga"}, "pk": 5302}, {"model": "localidades.comuna", "fields": {"provincia": 53, "nombre": "Rinconada"}, "pk": 5303}, {"model": "localidades.comuna", "fields": {"provincia": 53, "nombre": "San Esteban"}, "pk": 5304}, {"model": "localidades.comuna", "fields": {"provincia": 54, "nombre": "La Ligua"}, "pk": 5401}, {"model": "localidades.comuna", "fields": {"provincia": 54, "nombre": "Cabildo"}, "pk": 5402}, {"model": "localidades.comuna", "fields": {"provincia": 54, "nombre": "Papudo"}, "pk": 5403}, {"model": "localidades.comuna", "fields": {"provincia": 54, "nombre": "Petorca"}, "pk": 5404}, {"model": "localidades.comuna", "fields": {"provincia": 54, "nombre": "Zapallar"}, "pk": 5405}, {"model": "localidades.comuna", "fields": {"provincia": 55, "nombre": "Quillota"}, "pk": 5501}, {"model": "localidades.comuna", "fields": {"provincia": 55, "nombre": "La Calera"}, "pk": 5502}, {"model": "localidades.comuna", "fields": {"provincia": 55, "nombre": "Hijuelas"}, "pk": 5503}, {"model": "localidades.comuna", "fields": {"provincia": 55, "nombre": "La Cruz"}, "pk": 5504}, {"model": "localidades.comuna", "fields": {"provincia": 55, "nombre": "Nogales"}, "pk": 5506}, {"model": "localidades.comuna", "fields": {"provincia": 56, "nombre": "San Antonio"}, "pk": 5601}, {"model": "localidades.comuna", "fields": {"provincia": 56, "nombre": "Algarrobo"}, "pk": 5602}, {"model": "localidades.comuna", "fields": {"provincia": 56, "nombre": "Cartagena"}, "pk": 5603}, {"model": "localidades.comuna", "fields": {"provincia": 56, "nombre": "El Quisco"}, "pk": 5604}, {"model": "localidades.comuna", "fields": {"provincia": 56, "nombre": "El Tabo"}, "pk": 5605}, {"model": "localidades.comuna", "fields": {"provincia": 56, "nombre": "Santo Domingo"}, "pk": 5606}, {"model": "localidades.comuna", "fields": {"provincia": 57, "nombre": "San Felipe"}, "pk": 5701}, {"model": "localidades.comuna", "fields": {"provincia": 57, "nombre": "Catemu"}, "pk": 5702}, {"model": "localidades.comuna", "fields": {"provincia": 57, "nombre": "Llay Llay"}, "pk": 5703}, {"model": "localidades.comuna", "fields": {"provincia": 57, "nombre": "Panquehue"}, "pk": 5704}, {"model": "localidades.comuna", "fields": {"provincia": 57, "nombre": "Putaendo"}, "pk": 5705}, {"model": "localidades.comuna", "fields": {"provincia": 57, "nombre": "Santa Mar\u00eda"}, "pk": 5706}, {"model": "localidades.comuna", "fields": {"provincia": 58, "nombre": "Quilpu\u00e9"}, "pk": 5801}, {"model": "localidades.comuna", "fields": {"provincia": 58, "nombre": "Limache"}, "pk": 5802}, {"model": "localidades.comuna", "fields": {"provincia": 58, "nombre": "Olmu\u00e9"}, "pk": 5803}, {"model": "localidades.comuna", "fields": {"provincia": 58, "nombre": "Villa Alemana"}, "pk": 5804}, {"model": "localidades.comuna", "fields": {"provincia": 61, "nombre": "Rancagua"}, "pk": 6101}, {"model": "localidades.comuna", "fields": {"provincia": 61, "nombre": "Codegua"}, "pk": 6102}, {"model": "localidades.comuna", "fields": {"provincia": 61, "nombre": "Coinco"}, "pk": 6103}, {"model": "localidades.comuna", "fields": {"provincia": 61, "nombre": "Coltauco"}, "pk": 6104}, {"model": "localidades.comuna", "fields": {"provincia": 61, "nombre": "Do\u00f1ihue"}, "pk": 6105}, {"model": "localidades.comuna", "fields": {"provincia": 61, "nombre": "Graneros"}, "pk": 6106}, {"model": "localidades.comuna", "fields": {"provincia": 61, "nombre": "Las Cabras"}, "pk": 6107}, {"model": "localidades.comuna", "fields": {"provincia": 61, "nombre": "Machal\u00ed"}, "pk": 6108}, {"model": "localidades.comuna", "fields": {"provincia": 61, "nombre": "Malloa"}, "pk": 6109}, {"model": "localidades.comuna", "fields": {"provincia": 61, "nombre": "Mostazal"}, "pk": 6110}, {"model": "localidades.comuna", "fields": {"provincia": 61, "nombre": "Olivar"}, "pk": 6111}, {"model": "localidades.comuna", "fields": {"provincia": 61, "nombre": "Peumo"}, "pk": 6112}, {"model": "localidades.comuna", "fields": {"provincia": 61, "nombre": "Pichidegua"}, "pk": 6113}, {"model": "localidades.comuna", "fields": {"provincia": 61, "nombre": "Quinta de Tilcoco"}, "pk": 6114}, {"model": "localidades.comuna", "fields": {"provincia": 61, "nombre": "Rengo"}, "pk": 6115}, {"model": "localidades.comuna", "fields": {"provincia": 61, "nombre": "Requ\u00ednoa"}, "pk": 6116}, {"model": "localidades.comuna", "fields": {"provincia": 61, "nombre": "San Vicente"}, "pk": 6117}, {"model": "localidades.comuna", "fields": {"provincia": 62, "nombre": "Pichilemu"}, "pk": 6201}, {"model": "localidades.comuna", "fields": {"provincia": 62, "nombre": "La Estrella"}, "pk": 6202}, {"model": "localidades.comuna", "fields": {"provincia": 62, "nombre": "Litueche"}, "pk": 6203}, {"model": "localidades.comuna", "fields": {"provincia": 62, "nombre": "Marchihue"}, "pk": 6204}, {"model": "localidades.comuna", "fields": {"provincia": 62, "nombre": "Navidad"}, "pk": 6205}, {"model": "localidades.comuna", "fields": {"provincia": 62, "nombre": "Paredones"}, "pk": 6206}, {"model": "localidades.comuna", "fields": {"provincia": 63, "nombre": "San Fernando"}, "pk": 6301}, {"model": "localidades.comuna", "fields": {"provincia": 63, "nombre": "Ch\u00e9pica"}, "pk": 6302}, {"model": "localidades.comuna", "fields": {"provincia": 63, "nombre": "Chimbarongo"}, "pk": 6303}, {"model": "localidades.comuna", "fields": {"provincia": 63, "nombre": "Lolol"}, "pk": 6304}, {"model": "localidades.comuna", "fields": {"provincia": 63, "nombre": "Nancagua"}, "pk": 6305}, {"model": "localidades.comuna", "fields": {"provincia": 63, "nombre": "Palmilla"}, "pk": 6306}, {"model": "localidades.comuna", "fields": {"provincia": 63, "nombre": "Peralillo"}, "pk": 6307}, {"model": "localidades.comuna", "fields": {"provincia": 63, "nombre": "Placilla"}, "pk": 6308}, {"model": "localidades.comuna", "fields": {"provincia": 63, "nombre": "Pumanque"}, "pk": 6309}, {"model": "localidades.comuna", "fields": {"provincia": 63, "nombre": "Santa Cruz"}, "pk": 6310}, {"model": "localidades.comuna", "fields": {"provincia": 71, "nombre": "Talca"}, "pk": 7101}, {"model": "localidades.comuna", "fields": {"provincia": 71, "nombre": "Constituci\u00f3n"}, "pk": 7102}, {"model": "localidades.comuna", "fields": {"provincia": 71, "nombre": "Curepto"}, "pk": 7103}, {"model": "localidades.comuna", "fields": {"provincia": 71, "nombre": "Empedrado"}, "pk": 7104}, {"model": "localidades.comuna", "fields": {"provincia": 71, "nombre": "Maule"}, "pk": 7105}, {"model": "localidades.comuna", "fields": {"provincia": 71, "nombre": "Pelarco"}, "pk": 7106}, {"model": "localidades.comuna", "fields": {"provincia": 71, "nombre": "Pencahue"}, "pk": 7107}, {"model": "localidades.comuna", "fields": {"provincia": 71, "nombre": "R\u00edo Claro"}, "pk": 7108}, {"model": "localidades.comuna", "fields": {"provincia": 71, "nombre": "San Clemente"}, "pk": 7109}, {"model": "localidades.comuna", "fields": {"provincia": 71, "nombre": "San Rafael"}, "pk": 7110}, {"model": "localidades.comuna", "fields": {"provincia": 72, "nombre": "Cauquenes"}, "pk": 7201}, {"model": "localidades.comuna", "fields": {"provincia": 72, "nombre": "Chanco"}, "pk": 7202}, {"model": "localidades.comuna", "fields": {"provincia": 72, "nombre": "Pelluhue"}, "pk": 7203}, {"model": "localidades.comuna", "fields": {"provincia": 73, "nombre": "Curic\u00f3"}, "pk": 7301}, {"model": "localidades.comuna", "fields": {"provincia": 73, "nombre": "Huala\u00f1\u00e9"}, "pk": 7302}, {"model": "localidades.comuna", "fields": {"provincia": 73, "nombre": "Licant\u00e9n"}, "pk": 7303}, {"model": "localidades.comuna", "fields": {"provincia": 73, "nombre": "Molina"}, "pk": 7304}, {"model": "localidades.comuna", "fields": {"provincia": 73, "nombre": "Rauco"}, "pk": 7305}, {"model": "localidades.comuna", "fields": {"provincia": 73, "nombre": "Romeral"}, "pk": 7306}, {"model": "localidades.comuna", "fields": {"provincia": 73, "nombre": "Sagrada Familia"}, "pk": 7307}, {"model": "localidades.comuna", "fields": {"provincia": 73, "nombre": "Teno"}, "pk": 7308}, {"model": "localidades.comuna", "fields": {"provincia": 73, "nombre": "Vichuqu\u00e9n"}, "pk": 7309}, {"model": "localidades.comuna", "fields": {"provincia": 74, "nombre": "Linares"}, "pk": 7401}, {"model": "localidades.comuna", "fields": {"provincia": 74, "nombre": "Colb\u00fan"}, "pk": 7402}, {"model": "localidades.comuna", "fields": {"provincia": 74, "nombre": "Longav\u00ed"}, "pk": 7403}, {"model": "localidades.comuna", "fields": {"provincia": 74, "nombre": "Parral"}, "pk": 7404}, {"model": "localidades.comuna", "fields": {"provincia": 74, "nombre": "Retiro"}, "pk": 7405}, {"model": "localidades.comuna", "fields": {"provincia": 74, "nombre": "San Javier"}, "pk": 7406}, {"model": "localidades.comuna", "fields": {"provincia": 74, "nombre": "Villa Alegre"}, "pk": 7407}, {"model": "localidades.comuna", "fields": {"provincia": 74, "nombre": "Yerbas Buenas"}, "pk": 7408}, {"model": "localidades.comuna", "fields": {"provincia": 81, "nombre": "Concepci\u00f3n"}, "pk": 8101}, {"model": "localidades.comuna", "fields": {"provincia": 81, "nombre": "Coronel"}, "pk": 8102}, {"model": "localidades.comuna", "fields": {"provincia": 81, "nombre": "Chiguayante"}, "pk": 8103}, {"model": "localidades.comuna", "fields": {"provincia": 81, "nombre": "Florida"}, "pk": 8104}, {"model": "localidades.comuna", "fields": {"provincia": 81, "nombre": "Hualqui"}, "pk": 8105}, {"model": "localidades.comuna", "fields": {"provincia": 81, "nombre": "Lota"}, "pk": 8106}, {"model": "localidades.comuna", "fields": {"provincia": 81, "nombre": "Penco"}, "pk": 8107}, {"model": "localidades.comuna", "fields": {"provincia": 81, "nombre": "San Pedro de la Paz"}, "pk": 8108}, {"model": "localidades.comuna", "fields": {"provincia": 81, "nombre": "Santa Juana"}, "pk": 8109}, {"model": "localidades.comuna", "fields": {"provincia": 81, "nombre": "Talcahuano"}, "pk": 8110}, {"model": "localidades.comuna", "fields": {"provincia": 81, "nombre": "Tom\u00e9"}, "pk": 8111}, {"model": "localidades.comuna", "fields": {"provincia": 81, "nombre": "Hualp\u00e9n"}, "pk": 8112}, {"model": "localidades.comuna", "fields": {"provincia": 82, "nombre": "Lebu"}, "pk": 8201}, {"model": "localidades.comuna", "fields": {"provincia": 82, "nombre": "Arauco"}, "pk": 8202}, {"model": "localidades.comuna", "fields": {"provincia": 82, "nombre": "Ca\u00f1ete"}, "pk": 8203}, {"model": "localidades.comuna", "fields": {"provincia": 82, "nombre": "Contulmo"}, "pk": 8204}, {"model": "localidades.comuna", "fields": {"provincia": 82, "nombre": "Curanilahue"}, "pk": 8205}, {"model": "localidades.comuna", "fields": {"provincia": 82, "nombre": "Los \u00c1lamos"}, "pk": 8206}, {"model": "localidades.comuna", "fields": {"provincia": 82, "nombre": "Tir\u00faa"}, "pk": 8207}, {"model": "localidades.comuna", "fields": {"provincia": 83, "nombre": "Los \u00c1ngeles"}, "pk": 8301}, {"model": "localidades.comuna", "fields": {"provincia": 83, "nombre": "Antuco"}, "pk": 8302}, {"model": "localidades.comuna", "fields": {"provincia": 83, "nombre": "Cabrero"}, "pk": 8303}, {"model": "localidades.comuna", "fields": {"provincia": 83, "nombre": "Laja"}, "pk": 8304}, {"model": "localidades.comuna", "fields": {"provincia": 83, "nombre": "Mulch\u00e9n"}, "pk": 8305}, {"model": "localidades.comuna", "fields": {"provincia": 83, "nombre": "Nacimiento"}, "pk": 8306}, {"model": "localidades.comuna", "fields": {"provincia": 83, "nombre": "Negrete"}, "pk": 8307}, {"model": "localidades.comuna", "fields": {"provincia": 83, "nombre": "Quilaco"}, "pk": 8308}, {"model": "localidades.comuna", "fields": {"provincia": 83, "nombre": "Quilleco"}, "pk": 8309}, {"model": "localidades.comuna", "fields": {"provincia": 83, "nombre": "San Rosendo"}, "pk": 8310}, {"model": "localidades.comuna", "fields": {"provincia": 83, "nombre": "Santa B\u00e1rbara"}, "pk": 8311}, {"model": "localidades.comuna", "fields": {"provincia": 83, "nombre": "Tucapel"}, "pk": 8312}, {"model": "localidades.comuna", "fields": {"provincia": 83, "nombre": "Yumbel"}, "pk": 8313}, {"model": "localidades.comuna", "fields": {"provincia": 83, "nombre": "Alto Biob\u00edo"}, "pk": 8314}, {"model": "localidades.comuna", "fields": {"provincia": 84, "nombre": "Chill\u00e1n"}, "pk": 8401}, {"model": "localidades.comuna", "fields": {"provincia": 84, "nombre": "Bulnes"}, "pk": 8402}, {"model": "localidades.comuna", "fields": {"provincia": 84, "nombre": "Cobquecura"}, "pk": 8403}, {"model": "localidades.comuna", "fields": {"provincia": 84, "nombre": "Coelemu"}, "pk": 8404}, {"model": "localidades.comuna", "fields": {"provincia": 84, "nombre": "Coihueco"}, "pk": 8405}, {"model": "localidades.comuna", "fields": {"provincia": 84, "nombre": "Chill\u00e1n Viejo"}, "pk": 8406}, {"model": "localidades.comuna", "fields": {"provincia": 84, "nombre": "El Carmen"}, "pk": 8407}, {"model": "localidades.comuna", "fields": {"provincia": 84, "nombre": "Ninhue"}, "pk": 8408}, {"model": "localidades.comuna", "fields": {"provincia": 84, "nombre": "\u00d1iqu\u00e9n"}, "pk": 8409}, {"model": "localidades.comuna", "fields": {"provincia": 84, "nombre": "Pemuco"}, "pk": 8410}, {"model": "localidades.comuna", "fields": {"provincia": 84, "nombre": "Pinto"}, "pk": 8411}, {"model": "localidades.comuna", "fields": {"provincia": 84, "nombre": "Portezuelo"}, "pk": 8412}, {"model": "localidades.comuna", "fields": {"provincia": 84, "nombre": "Quill\u00f3n"}, "pk": 8413}, {"model": "localidades.comuna", "fields": {"provincia": 84, "nombre": "Quirihue"}, "pk": 8414}, {"model": "localidades.comuna", "fields": {"provincia": 84, "nombre": "R\u00e1nquil"}, "pk": 8415}, {"model": "localidades.comuna", "fields": {"provincia": 84, "nombre": "San Carlos"}, "pk": 8416}, {"model": "localidades.comuna", "fields": {"provincia": 84, "nombre": "San Fabi\u00e1n"}, "pk": 8417}, {"model": "localidades.comuna", "fields": {"provincia": 84, "nombre": "San Ignacio"}, "pk": 8418}, {"model": "localidades.comuna", "fields": {"provincia": 84, "nombre": "San Nicol\u00e1s"}, "pk": 8419}, {"model": "localidades.comuna", "fields": {"provincia": 84, "nombre": "Treguaco"}, "pk": 8420}, {"model": "localidades.comuna", "fields": {"provincia": 84, "nombre": "Yungay"}, "pk": 8421}, {"model": "localidades.comuna", "fields": {"provincia": 91, "nombre": "Temuco"}, "pk": 9101}, {"model": "localidades.comuna", "fields": {"provincia": 91, "nombre": "Carahue"}, "pk": 9102}, {"model": "localidades.comuna", "fields": {"provincia": 91, "nombre": "Cunco"}, "pk": 9103}, {"model": "localidades.comuna", "fields": {"provincia": 91, "nombre": "Curarrehue"}, "pk": 9104}, {"model": "localidades.comuna", "fields": {"provincia": 91, "nombre": "Freire"}, "pk": 9105}, {"model": "localidades.comuna", "fields": {"provincia": 91, "nombre": "Galvarino"}, "pk": 9106}, {"model": "localidades.comuna", "fields": {"provincia": 91, "nombre": "Gorbea"}, "pk": 9107}, {"model": "localidades.comuna", "fields": {"provincia": 91, "nombre": "Lautaro"}, "pk": 9108}, {"model": "localidades.comuna", "fields": {"provincia": 91, "nombre": "Loncoche"}, "pk": 9109}, {"model": "localidades.comuna", "fields": {"provincia": 91, "nombre": "Melipeuco"}, "pk": 9110}, {"model": "localidades.comuna", "fields": {"provincia": 91, "nombre": "Nueva Imperial"}, "pk": 9111}, {"model": "localidades.comuna", "fields": {"provincia": 91, "nombre": "Padre las Casas"}, "pk": 9112}, {"model": "localidades.comuna", "fields": {"provincia": 91, "nombre": "Perquenco"}, "pk": 9113}, {"model": "localidades.comuna", "fields": {"provincia": 91, "nombre": "Pitrufqu\u00e9n"}, "pk": 9114}, {"model": "localidades.comuna", "fields": {"provincia": 91, "nombre": "Puc\u00f3n"}, "pk": 9115}, {"model": "localidades.comuna", "fields": {"provincia": 91, "nombre": "Saavedra"}, "pk": 9116}, {"model": "localidades.comuna", "fields": {"provincia": 91, "nombre": "Teodoro Schmidt"}, "pk": 9117}, {"model": "localidades.comuna", "fields": {"provincia": 91, "nombre": "Tolt\u00e9n"}, "pk": 9118}, {"model": "localidades.comuna", "fields": {"provincia": 91, "nombre": "Vilc\u00fan"}, "pk": 9119}, {"model": "localidades.comuna", "fields": {"provincia": 91, "nombre": "Villarrica"}, "pk": 9120}, {"model": "localidades.comuna", "fields": {"provincia": 91, "nombre": "Cholchol"}, "pk": 9121}, {"model": "localidades.comuna", "fields": {"provincia": 92, "nombre": "Angol"}, "pk": 9201}, {"model": "localidades.comuna", "fields": {"provincia": 92, "nombre": "Collipulli"}, "pk": 9202}, {"model": "localidades.comuna", "fields": {"provincia": 92, "nombre": "Curacaut\u00edn"}, "pk": 9203}, {"model": "localidades.comuna", "fields": {"provincia": 92, "nombre": "Ercilla"}, "pk": 9204}, {"model": "localidades.comuna", "fields": {"provincia": 92, "nombre": "Lonquimay"}, "pk": 9205}, {"model": "localidades.comuna", "fields": {"provincia": 92, "nombre": "Los Sauces"}, "pk": 9206}, {"model": "localidades.comuna", "fields": {"provincia": 92, "nombre": "Lumaco"}, "pk": 9207}, {"model": "localidades.comuna", "fields": {"provincia": 92, "nombre": "Pur\u00e9n"}, "pk": 9208}, {"model": "localidades.comuna", "fields": {"provincia": 92, "nombre": "Renaico"}, "pk": 9209}, {"model": "localidades.comuna", "fields": {"provincia": 92, "nombre": "Traigu\u00e9n"}, "pk": 9210}, {"model": "localidades.comuna", "fields": {"provincia": 92, "nombre": "Victoria"}, "pk": 9211}, {"model": "localidades.comuna", "fields": {"provincia": 101, "nombre": "Puerto Montt"}, "pk": 10101}, {"model": "localidades.comuna", "fields": {"provincia": 101, "nombre": "Calbuco"}, "pk": 10102}, {"model": "localidades.comuna", "fields": {"provincia": 101, "nombre": "Cocham\u00f3"}, "pk": 10103}, {"model": "localidades.comuna", "fields": {"provincia": 101, "nombre": "Fresia"}, "pk": 10104}, {"model": "localidades.comuna", "fields": {"provincia": 101, "nombre": "Frutillar"}, "pk": 10105}, {"model": "localidades.comuna", "fields": {"provincia": 101, "nombre": "Los Muermos"}, "pk": 10106}, {"model": "localidades.comuna", "fields": {"provincia": 101, "nombre": "Llanquihue"}, "pk": 10107}, {"model": "localidades.comuna", "fields": {"provincia": 101, "nombre": "Maull\u00edn"}, "pk": 10108}, {"model": "localidades.comuna", "fields": {"provincia": 101, "nombre": "Puerto Varas"}, "pk": 10109}, {"model": "localidades.comuna", "fields": {"provincia": 102, "nombre": "Castro"}, "pk": 10201}, {"model": "localidades.comuna", "fields": {"provincia": 102, "nombre": "Ancud"}, "pk": 10202}, {"model": "localidades.comuna", "fields": {"provincia": 102, "nombre": "Chonchi"}, "pk": 10203}, {"model": "localidades.comuna", "fields": {"provincia": 102, "nombre": "Curaco de V\u00e9lez"}, "pk": 10204}, {"model": "localidades.comuna", "fields": {"provincia": 102, "nombre": "Dalcahue"}, "pk": 10205}, {"model": "localidades.comuna", "fields": {"provincia": 102, "nombre": "Puqueld\u00f3n"}, "pk": 10206}, {"model": "localidades.comuna", "fields": {"provincia": 102, "nombre": "Queil\u00e9n"}, "pk": 10207}, {"model": "localidades.comuna", "fields": {"provincia": 102, "nombre": "Quell\u00f3n"}, "pk": 10208}, {"model": "localidades.comuna", "fields": {"provincia": 102, "nombre": "Quemchi"}, "pk": 10209}, {"model": "localidades.comuna", "fields": {"provincia": 102, "nombre": "Quinchao"}, "pk": 10210}, {"model": "localidades.comuna", "fields": {"provincia": 103, "nombre": "Osorno"}, "pk": 10301}, {"model": "localidades.comuna", "fields": {"provincia": 103, "nombre": "Puerto Octay"}, "pk": 10302}, {"model": "localidades.comuna", "fields": {"provincia": 103, "nombre": "Purranque"}, "pk": 10303}, {"model": "localidades.comuna", "fields": {"provincia": 103, "nombre": "Puyehue"}, "pk": 10304}, {"model": "localidades.comuna", "fields": {"provincia": 103, "nombre": "R\u00edo Negro"}, "pk": 10305}, {"model": "localidades.comuna", "fields": {"provincia": 103, "nombre": "San Juan de la Costa"}, "pk": 10306}, {"model": "localidades.comuna", "fields": {"provincia": 103, "nombre": "San Pablo"}, "pk": 10307}, {"model": "localidades.comuna", "fields": {"provincia": 104, "nombre": "Chait\u00e9n"}, "pk": 10401}, {"model": "localidades.comuna", "fields": {"provincia": 104, "nombre": "Futaleuf\u00fa"}, "pk": 10402}, {"model": "localidades.comuna", "fields": {"provincia": 104, "nombre": "Hualaihu\u00e9"}, "pk": 10403}, {"model": "localidades.comuna", "fields": {"provincia": 104, "nombre": "Palena"}, "pk": 10404}, {"model": "localidades.comuna", "fields": {"provincia": 111, "nombre": "Coyhaique"}, "pk": 11101}, {"model": "localidades.comuna", "fields": {"provincia": 111, "nombre": "Lago Verde"}, "pk": 11102}, {"model": "localidades.comuna", "fields": {"provincia": 112, "nombre": "Ays\u00e9n"}, "pk": 11201}, {"model": "localidades.comuna", "fields": {"provincia": 112, "nombre": "Cisnes"}, "pk": 11202}, {"model": "localidades.comuna", "fields": {"provincia": 112, "nombre": "Guaitecas"}, "pk": 11203}, {"model": "localidades.comuna", "fields": {"provincia": 113, "nombre": "Cochrane"}, "pk": 11301}, {"model": "localidades.comuna", "fields": {"provincia": 113, "nombre": "O'Higgins"}, "pk": 11302}, {"model": "localidades.comuna", "fields": {"provincia": 113, "nombre": "Tortel"}, "pk": 11303}, {"model": "localidades.comuna", "fields": {"provincia": 114, "nombre": "Chile Chico"}, "pk": 11401}, {"model": "localidades.comuna", "fields": {"provincia": 114, "nombre": "R\u00edo Ib\u00e1\u00f1ez"}, "pk": 11402}, {"model": "localidades.comuna", "fields": {"provincia": 121, "nombre": "Punta Arenas"}, "pk": 12101}, {"model": "localidades.comuna", "fields": {"provincia": 121, "nombre": "Laguna Blanca"}, "pk": 12102}, {"model": "localidades.comuna", "fields": {"provincia": 121, "nombre": "R\u00edo Verde"}, "pk": 12103}, {"model": "localidades.comuna", "fields": {"provincia": 121, "nombre": "San Gregorio"}, "pk": 12104}, {"model": "localidades.comuna", "fields": {"provincia": 122, "nombre": "Cabo de Hornos"}, "pk": 12201}, {"model": "localidades.comuna", "fields": {"provincia": 122, "nombre": "Ant\u00e1rtica"}, "pk": 12202}, {"model": "localidades.comuna", "fields": {"provincia": 123, "nombre": "Porvenir"}, "pk": 12301}, {"model": "localidades.comuna", "fields": {"provincia": 123, "nombre": "Primavera"}, "pk": 12302}, {"model": "localidades.comuna", "fields": {"provincia": 123, "nombre": "Timaukel"}, "pk": 12303}, {"model": "localidades.comuna", "fields": {"provincia": 124, "nombre": "Natales"}, "pk": 12401}, {"model": "localidades.comuna", "fields": {"provincia": 124, "nombre": "Torres del Paine"}, "pk": 12402}, {"model": "localidades.comuna", "fields": {"provincia": 131, "nombre": "Santiago"}, "pk": 13101}, {"model": "localidades.comuna", "fields": {"provincia": 131, "nombre": "Cerrillos"}, "pk": 13102}, {"model": "localidades.comuna", "fields": {"provincia": 131, "nombre": "Cerro Navia"}, "pk": 13103}, {"model": "localidades.comuna", "fields": {"provincia": 131, "nombre": "Conchal\u00ed"}, "pk": 13104}, {"model": "localidades.comuna", "fields": {"provincia": 131, "nombre": "El Bosque"}, "pk": 13105}, {"model": "localidades.comuna", "fields": {"provincia": 131, "nombre": "Estaci\u00f3n Central"}, "pk": 13106}, {"model": "localidades.comuna", "fields": {"provincia": 131, "nombre": "Huechuraba"}, "pk": 13107}, {"model": "localidades.comuna", "fields": {"provincia": 131, "nombre": "Independencia"}, "pk": 13108}, {"model": "localidades.comuna", "fields": {"provincia": 131, "nombre": "La Cisterna"}, "pk": 13109}, {"model": "localidades.comuna", "fields": {"provincia": 131, "nombre": "La Florida"}, "pk": 13110}, {"model": "localidades.comuna", "fields": {"provincia": 131, "nombre": "La Granja"}, "pk": 13111}, {"model": "localidades.comuna", "fields": {"provincia": 131, "nombre": "La Pintana"}, "pk": 13112}, {"model": "localidades.comuna", "fields": {"provincia": 131, "nombre": "La Reina"}, "pk": 13113}, {"model": "localidades.comuna", "fields": {"provincia": 131, "nombre": "Las Condes"}, "pk": 13114}, {"model": "localidades.comuna", "fields": {"provincia": 131, "nombre": "Lo Barnechea"}, "pk": 13115}, {"model": "localidades.comuna", "fields": {"provincia": 131, "nombre": "Lo Espejo"}, "pk": 13116}, {"model": "localidades.comuna", "fields": {"provincia": 131, "nombre": "Lo Prado"}, "pk": 13117}, {"model": "localidades.comuna", "fields": {"provincia": 131, "nombre": "Macul"}, "pk": 13118}, {"model": "localidades.comuna", "fields": {"provincia": 131, "nombre": "Maip\u00fa"}, "pk": 13119}, {"model": "localidades.comuna", "fields": {"provincia": 131, "nombre": "\u00d1u\u00f1oa"}, "pk": 13120}, {"model": "localidades.comuna", "fields": {"provincia": 131, "nombre": "Pedro Aguirre Cerda"}, "pk": 13121}, {"model": "localidades.comuna", "fields": {"provincia": 131, "nombre": "Pe\u00f1alol\u00e9n"}, "pk": 13122}, {"model": "localidades.comuna", "fields": {"provincia": 131, "nombre": "Providencia"}, "pk": 13123}, {"model": "localidades.comuna", "fields": {"provincia": 131, "nombre": "Pudahuel"}, "pk": 13124}, {"model": "localidades.comuna", "fields": {"provincia": 131, "nombre": "Quilicura"}, "pk": 13125}, {"model": "localidades.comuna", "fields": {"provincia": 131, "nombre": "Quinta Normal"}, "pk": 13126}, {"model": "localidades.comuna", "fields": {"provincia": 131, "nombre": "Recoleta"}, "pk": 13127}, {"model": "localidades.comuna", "fields": {"provincia": 131, "nombre": "Renca"}, "pk": 13128}, {"model": "localidades.comuna", "fields": {"provincia": 131, "nombre": "San Joaqu\u00edn"}, "pk": 13129}, {"model": "localidades.comuna", "fields": {"provincia": 131, "nombre": "San Miguel"}, "pk": 13130}, {"model": "localidades.comuna", "fields": {"provincia": 131, "nombre": "San Ram\u00f3n"}, "pk": 13131}, {"model": "localidades.comuna", "fields": {"provincia": 131, "nombre": "Vitacura"}, "pk": 13132}, {"model": "localidades.comuna", "fields": {"provincia": 132, "nombre": "Puente Alto"}, "pk": 13201}, {"model": "localidades.comuna", "fields": {"provincia": 132, "nombre": "Pirque"}, "pk": 13202}, {"model": "localidades.comuna", "fields": {"provincia": 132, "nombre": "San Jos\u00e9 de Maipo"}, "pk": 13203}, {"model": "localidades.comuna", "fields": {"provincia": 133, "nombre": "Colina"}, "pk": 13301}, {"model": "localidades.comuna", "fields": {"provincia": 133, "nombre": "Lampa"}, "pk": 13302}, {"model": "localidades.comuna", "fields": {"provincia": 133, "nombre": "Tiltil"}, "pk": 13303}, {"model": "localidades.comuna", "fields": {"provincia": 134, "nombre": "San Bernardo"}, "pk": 13401}, {"model": "localidades.comuna", "fields": {"provincia": 134, "nombre": "Buin"}, "pk": 13402}, {"model": "localidades.comuna", "fields": {"provincia": 134, "nombre": "Calera de Tango"}, "pk": 13403}, {"model": "localidades.comuna", "fields": {"provincia": 134, "nombre": "Paine"}, "pk": 13404}, {"model": "localidades.comuna", "fields": {"provincia": 135, "nombre": "Melipilla"}, "pk": 13501}, {"model": "localidades.comuna", "fields": {"provincia": 135, "nombre": "Alhu\u00e9"}, "pk": 13502}, {"model": "localidades.comuna", "fields": {"provincia": 135, "nombre": "Curacav\u00ed"}, "pk": 13503}, {"model": "localidades.comuna", "fields": {"provincia": 135, "nombre": "Mar\u00eda Pinto"}, "pk": 13504}, {"model": "localidades.comuna", "fields": {"provincia": 135, "nombre": "San Pedro"}, "pk": 13505}, {"model": "localidades.comuna", "fields": {"provincia": 136, "nombre": "Talagante"}, "pk": 13601}, {"model": "localidades.comuna", "fields": {"provincia": 136, "nombre": "El Monte"}, "pk": 13602}, {"model": "localidades.comuna", "fields": {"provincia": 136, "nombre": "Isla de Maipo"}, "pk": 13603}, {"model": "localidades.comuna", "fields": {"provincia": 136, "nombre": "Padre Hurtado"}, "pk": 13604}, {"model": "localidades.comuna", "fields": {"provincia": 136, "nombre": "Pe\u00f1aflor"}, "pk": 13605}, {"model": "localidades.comuna", "fields": {"provincia": 141, "nombre": "Valdivia"}, "pk": 14101}, {"model": "localidades.comuna", "fields": {"provincia": 141, "nombre": "Corral"}, "pk": 14102}, {"model": "localidades.comuna", "fields": {"provincia": 141, "nombre": "Lanco"}, "pk": 14103}, {"model": "localidades.comuna", "fields": {"provincia": 141, "nombre": "Los Lagos"}, "pk": 14104}, {"model": "localidades.comuna", "fields": {"provincia": 141, "nombre": "M\u00e1fil"}, "pk": 14105}, {"model": "localidades.comuna", "fields": {"provincia": 141, "nombre": "Mariquina"}, "pk": 14106}, {"model": "localidades.comuna", "fields": {"provincia": 141, "nombre": "Paillaco"}, "pk": 14107}, {"model": "localidades.comuna", "fields": {"provincia": 141, "nombre": "Panguipulli"}, "pk": 14108}, {"model": "localidades.comuna", "fields": {"provincia": 142, "nombre": "La Uni\u00f3n"}, "pk": 14201}, {"model": "localidades.comuna", "fields": {"provincia": 142, "nombre": "Futrono"}, "pk": 14202}, {"model": "localidades.comuna", "fields": {"provincia": 142, "nombre": "Lago Ranco"}, "pk": 14203}, {"model": "localidades.comuna", "fields": {"provincia": 142, "nombre": "R\u00edo Bueno"}, "pk": 14204}, {"model": "localidades.comuna", "fields": {"provincia": 151, "nombre": "Arica"}, "pk": 15101}, {"model": "localidades.comuna", "fields": {"provincia": 151, "nombre": "Camarones"}, "pk": 15102}, {"model": "localidades.comuna", "fields": {"provincia": 152, "nombre": "Putre"}, "pk": 15201}, {"model": "localidades.comuna", "fields": {"provincia": 152, "nombre": "General Lagos"}, "pk": 15202}]